path,layer,category,line_count,features,purpose,api_usages,endpoints,linked_tests,linked_docs,risk_level,issues,recommendations
backend/api/routes/__init__.py,backend,route,1,,  init  : Backend route y?zeyi.,,,,,,,
backend/api/routes/account.py,backend,route,32,,account: Backend route y?zeyi.,,DELETE /me/data,,,,,
backend/api/routes/auth.py,backend,route,21,,auth: Backend route y?zeyi.,,GET /whoami,,,,,
backend/api/routes/clerk.py,backend,route,92,,clerk: Backend route y?zeyi.,,POST /webhooks,,,,,
backend/api/routes/clips.py,backend,route,1380,,clips: Backend route y?zeyi.,,DELETE /projects/{project_id}/shorts/{clip_name}; DELETE /projects/{project_id}/support-grants; GET /clip-transcript/{clip_name}; GET /clips; GET /projects; GET /projects/{project_id}/files/{file_kind}; GET /projects/{project_id}/files/{file_kind}/{clip_name}; GET /projects/{project_id}/master; GET /projects/{project_id}/shorts/{clip_name}; POST /projects/{project_id}/support-grants; POST /upload,,,medium,Upload sonras? proje g?r?n?rl??? ilk okumada tutars?z,Upload success sonras? project index invalidation/refresh zincirini netle?tirin ve UI?de eventual consistency mesaj? verin.
backend/api/routes/editor.py,backend,route,993,,editor: Backend route y?zeyi.,,GET /transcript; POST /clip-transcript/recover; POST /manual-cut-upload; POST /process-batch; POST /process-manual; POST /reburn; POST /transcript; POST /transcript/recover,,,critical,process-manual job accepted olduktan sonra background TypeError ile kilitleniyor | manual-cut-upload optimistic output_url/clip_name d?nd?r?p terminalde error ile bitiyor | process-batch 30% seviyesinde tak?l?yor ve makul s?rede terminale ula?m?yor,`normalize_word_payload` i?inde `score=None` tolerans? ekleyin ve route seviyesinde uncaught task exception i?in terminal error yaz?m?n? garanti edin. | Response modelinde optimistic clip/output de?erlerini pending olarak i?aretleyin veya yaln?zca ??kt? ger?ekten olu?tu?unda yay?nlay?n. | Batch workflow i?in progress timeout/heartbeat ekleyin ve LLM fallback ak??? terminal durum garantisi versin.
backend/api/routes/jobs.py,backend,route,514,,jobs: Backend route y?zeyi.,,GET /jobs; GET /styles; POST /cache-status; POST /cancel-job/{job_id}; POST /start-job,,,,,
backend/api/routes/social.py,backend,route,1035,,social: Backend route y?zeyi.,,DELETE /connections/{account_id}; DELETE /credentials; DELETE /drafts; GET /accounts; GET /analytics/accounts; GET /analytics/overview; GET /analytics/posts; GET /calendar; GET /connections; GET /connections/callback; GET /export; GET /oauth/callback; GET /oauth/start; GET /prefill; GET /providers; GET /publish-jobs; GET /queue; PATCH /calendar/{job_id}; POST /connections/start; POST /connections/sync; POST /credentials; POST /publish; POST /publish-jobs/{job_id}/approve; POST /publish-jobs/{job_id}/cancel; POST /publish/dry-run; PUT /drafts,,,high,Social scheduler testleri Windows ortam?nda timezone ba??ml?l??? y?z?nden k?r?l?yor,Runtime ba??ml?l???na `tzdata` ekleyin veya `UTC` i?in explicit fallback sa?lay?n; test manifest check?ine de bu ba??ml?l??? ekleyin.
backend/api/security.py,frontend,app,435,,security: Uygulama y?zeyi.,,,,,,,
backend/api/server.py,frontend,app,165,,server: Uygulama y?zeyi.,,,,,,,
backend/tests/__init__.py,backend_test,test,0,,  init  : Otomatik do?rulama kapsamas?.,,,backend/tests/__init__.py,,,,
backend/tests/compat_testclient.py,backend_test,test,200,,compat testclient: Otomatik do?rulama kapsamas?.,,,backend/tests/compat_testclient.py,,,,
backend/tests/conftest.py,backend_test,test,56,,conftest: Otomatik do?rulama kapsamas?.,,,backend/tests/conftest.py,,,,
backend/tests/integration/test_api_auth_and_errors.py,backend_test,test,40,,test api auth and errors: Otomatik do?rulama kapsamas?.,,,backend/tests/integration/test_api_auth_and_errors.py,,,,
backend/tests/integration/test_api_upload_limits.py,backend_test,test,34,,test api upload limits: Otomatik do?rulama kapsamas?.,,,backend/tests/integration/test_api_upload_limits.py,,,,
backend/tests/smoke/test_smoke_job_request.py,backend_test,test,9,,test smoke job request: Otomatik do?rulama kapsamas?.,,,backend/tests/smoke/test_smoke_job_request.py,,,,
backend/tests/test_account_deletion_api.py,backend_test,test,105,,test account deletion api: Otomatik do?rulama kapsamas?.,,,backend/tests/test_account_deletion_api.py,,,,
backend/tests/test_api_security.py,backend_test,test,283,,test api security: Otomatik do?rulama kapsamas?.,,,backend/tests/test_api_security.py,,,,
backend/tests/test_clerk_webhooks.py,backend_test,test,116,,test clerk webhooks: Otomatik do?rulama kapsamas?.,,,backend/tests/test_clerk_webhooks.py,,,,
backend/tests/test_clip_delete_routes.py,backend_test,test,161,,test clip delete routes: Otomatik do?rulama kapsamas?.,,,backend/tests/test_clip_delete_routes.py,,,,
backend/tests/test_clip_ready_routing.py,backend_test,test,59,,test clip ready routing: Otomatik do?rulama kapsamas?.,,,backend/tests/test_clip_ready_routing.py,,,,
backend/tests/test_clip_transcript_recovery.py,backend_test,test,293,,test clip transcript recovery: Otomatik do?rulama kapsamas?.,,,backend/tests/test_clip_transcript_recovery.py,,,,
backend/tests/test_clip_transcript_routes.py,backend_test,test,265,,test clip transcript routes: Otomatik do?rulama kapsamas?.,,,backend/tests/test_clip_transcript_routes.py,,,,
backend/tests/test_clips_cache.py,backend_test,test,315,,test clips cache: Otomatik do?rulama kapsamas?.,,,backend/tests/test_clips_cache.py,,,,
backend/tests/test_command_runner.py,backend_test,test,94,,test command runner: Otomatik do?rulama kapsamas?.,,,backend/tests/test_command_runner.py,,,,
backend/tests/test_dependency_manifest.py,backend_test,test,31,,test dependency manifest: Otomatik do?rulama kapsamas?.,,,backend/tests/test_dependency_manifest.py,,,,
backend/tests/test_editor_batch_visibility.py,backend_test,test,96,,test editor batch visibility: Otomatik do?rulama kapsamas?.,,,backend/tests/test_editor_batch_visibility.py,,,,
backend/tests/test_job_fairness.py,backend_test,test,104,,test job fairness: Otomatik do?rulama kapsamas?.,,,backend/tests/test_job_fairness.py,,,,
backend/tests/test_job_ownership.py,backend_test,test,120,,test job ownership: Otomatik do?rulama kapsamas?.,,,backend/tests/test_job_ownership.py,,,,
backend/tests/test_job_request.py,backend_test,test,159,,test job request: Otomatik do?rulama kapsamas?.,,,backend/tests/test_job_request.py,,,,
backend/tests/test_job_state_repository.py,backend_test,test,97,,test job state repository: Otomatik do?rulama kapsamas?.,,,backend/tests/test_job_state_repository.py,,,,
backend/tests/test_jobs_api_serialization.py,backend_test,test,223,,test jobs api serialization: Otomatik do?rulama kapsamas?.,,,backend/tests/test_jobs_api_serialization.py,,,,
backend/tests/test_jobs_cache_invalidation.py,backend_test,test,60,,test jobs cache invalidation: Otomatik do?rulama kapsamas?.,,,backend/tests/test_jobs_cache_invalidation.py,,,,
backend/tests/test_legacy_quarantine_migration.py,backend_test,test,95,,test legacy quarantine migration: Otomatik do?rulama kapsamas?.,,,backend/tests/test_legacy_quarantine_migration.py,,,,
backend/tests/test_log_sanitizer.py,backend_test,test,29,,test log sanitizer: Otomatik do?rulama kapsamas?.,,,backend/tests/test_log_sanitizer.py,,,,
backend/tests/test_manual_crop.py,backend_test,test,43,,test manual crop: Otomatik do?rulama kapsamas?.,,,backend/tests/test_manual_crop.py,,,,
backend/tests/test_media_ops.py,backend_test,test,307,,test media ops: Otomatik do?rulama kapsamas?.,,,backend/tests/test_media_ops.py,,,,
backend/tests/test_orchestrator_facade_dispatch.py,backend_test,test,249,,test orchestrator facade dispatch: Otomatik do?rulama kapsamas?.,,,backend/tests/test_orchestrator_facade_dispatch.py,,,,
backend/tests/test_orchestrator_refactor_guardrails.py,backend_test,test,46,,test orchestrator refactor guardrails: Otomatik do?rulama kapsamas?.,,,backend/tests/test_orchestrator_refactor_guardrails.py,,,,
backend/tests/test_orchestrator_shift.py,backend_test,test,87,,test orchestrator shift: Otomatik do?rulama kapsamas?.,,,backend/tests/test_orchestrator_shift.py,,,,
backend/tests/test_pipeline_cache.py,backend_test,test,157,,test pipeline cache: Otomatik do?rulama kapsamas?.,,,backend/tests/test_pipeline_cache.py,,,,
backend/tests/test_project_layout.py,backend_test,test,35,,test project layout: Otomatik do?rulama kapsamas?.,,,backend/tests/test_project_layout.py,,,,
backend/tests/test_project_ownership.py,backend_test,test,113,,test project ownership: Otomatik do?rulama kapsamas?.,,,backend/tests/test_project_ownership.py,,,,
backend/tests/test_raw_video_saved.py,backend_test,test,59,,test raw video saved: Otomatik do?rulama kapsamas?.,,,backend/tests/test_raw_video_saved.py,,,,
backend/tests/test_render_benchmark.py,backend_test,test,93,,test render benchmark: Otomatik do?rulama kapsamas?.,,,backend/tests/test_render_benchmark.py,,,,
backend/tests/test_render_contracts.py,backend_test,test,26,,test render contracts: Otomatik do?rulama kapsamas?.,,,backend/tests/test_render_contracts.py,,,,
backend/tests/test_render_quality.py,backend_test,test,55,,test render quality: Otomatik do?rulama kapsamas?.,,,backend/tests/test_render_quality.py,,,,
backend/tests/test_route_imports_smoke.py,backend_test,test,32,,test route imports smoke: Otomatik do?rulama kapsamas?.,,,backend/tests/test_route_imports_smoke.py,,,,
backend/tests/test_route_ownership_isolation.py,backend_test,test,151,,test route ownership isolation: Otomatik do?rulama kapsamas?.,,,backend/tests/test_route_ownership_isolation.py,,,,
backend/tests/test_runtime_validation.py,backend_test,test,159,,test runtime validation: Otomatik do?rulama kapsamas?.,,,backend/tests/test_runtime_validation.py,,,,
backend/tests/test_social_connections.py,backend_test,test,255,,test social connections: Otomatik do?rulama kapsamas?.,,,backend/tests/test_social_connections.py,,high,Social scheduler testleri Windows ortam?nda timezone ba??ml?l??? y?z?nden k?r?l?yor,Runtime ba??ml?l???na `tzdata` ekleyin veya `UTC` i?in explicit fallback sa?lay?n; test manifest check?ine de bu ba??ml?l??? ekleyin.
backend/tests/test_social_content.py,backend_test,test,72,,test social content: Otomatik do?rulama kapsamas?.,,,backend/tests/test_social_content.py,,,,
backend/tests/test_social_crypto.py,backend_test,test,131,,test social crypto: Otomatik do?rulama kapsamas?.,,,backend/tests/test_social_crypto.py,,,,
backend/tests/test_social_postiz.py,backend_test,test,110,,test social postiz: Otomatik do?rulama kapsamas?.,,,backend/tests/test_social_postiz.py,,,,
backend/tests/test_social_routes.py,backend_test,test,1169,,test social routes: Otomatik do?rulama kapsamas?.,,,backend/tests/test_social_routes.py,,high,Social scheduler testleri Windows ortam?nda timezone ba??ml?l??? y?z?nden k?r?l?yor,Runtime ba??ml?l???na `tzdata` ekleyin veya `UTC` i?in explicit fallback sa?lay?n; test manifest check?ine de bu ba??ml?l??? ekleyin.
backend/tests/test_static_project_owner_migration.py,backend_test,test,51,,test static project owner migration: Otomatik do?rulama kapsamas?.,,,backend/tests/test_static_project_owner_migration.py,,,,
backend/tests/test_subject_purge.py,backend_test,test,158,,test subject purge: Otomatik do?rulama kapsamas?.,,,backend/tests/test_subject_purge.py,,,,
backend/tests/test_subtitle_parity_contract.py,backend_test,test,35,,test subtitle parity contract: Otomatik do?rulama kapsamas?.,,,backend/tests/test_subtitle_parity_contract.py,,,,
backend/tests/test_subtitle_renderer.py,backend_test,test,348,,test subtitle renderer: Otomatik do?rulama kapsamas?.,,,backend/tests/test_subtitle_renderer.py,,,,
backend/tests/test_subtitle_styles.py,backend_test,test,216,,test subtitle styles: Otomatik do?rulama kapsamas?.,,,backend/tests/test_subtitle_styles.py,,,,
backend/tests/test_subtitle_timing.py,backend_test,test,131,,test subtitle timing: Otomatik do?rulama kapsamas?.,,,backend/tests/test_subtitle_timing.py,,,,
backend/tests/test_support_grants.py,backend_test,test,130,,test support grants: Otomatik do?rulama kapsamas?.,,,backend/tests/test_support_grants.py,,,,
backend/tests/test_system_validation.py,backend_test,test,121,,test system validation: Otomatik do?rulama kapsamas?.,,,backend/tests/test_system_validation.py,,,,
backend/tests/test_toolchain_contract.py,backend_test,test,42,,test toolchain contract: Otomatik do?rulama kapsamas?.,,,backend/tests/test_toolchain_contract.py,,,,
backend/tests/test_video_processor_crop_bounds.py,backend_test,test,25,,test video processor crop bounds: Otomatik do?rulama kapsamas?.,,,backend/tests/test_video_processor_crop_bounds.py,,,,
backend/tests/test_video_processor_layout.py,backend_test,test,292,,test video processor layout: Otomatik do?rulama kapsamas?.,,,backend/tests/test_video_processor_layout.py,,,,
backend/tests/test_viral_analyzer_params.py,backend_test,test,260,,test viral analyzer params: Otomatik do?rulama kapsamas?.,,,backend/tests/test_viral_analyzer_params.py,,,,
backend/tests/test_viral_analyzer_refactor_guardrails.py,backend_test,test,43,,test viral analyzer refactor guardrails: Otomatik do?rulama kapsamas?.,,,backend/tests/test_viral_analyzer_refactor_guardrails.py,,,,
backend/tests/test_websocket_auth.py,backend_test,test,100,,test websocket auth: Otomatik do?rulama kapsamas?.,,,backend/tests/test_websocket_auth.py,,,,
backend/tests/test_websocket_subject_isolation.py,backend_test,test,53,,test websocket subject isolation: Otomatik do?rulama kapsamas?.,,,backend/tests/test_websocket_subject_isolation.py,,,,
backend/tests/test_workflow_helpers.py,backend_test,test,103,,test workflow helpers: Otomatik do?rulama kapsamas?.,,,backend/tests/test_workflow_helpers.py,,,,
backend/tests/test_workflow_import_smoke.py,backend_test,test,18,,test workflow import smoke: Otomatik do?rulama kapsamas?.,,,backend/tests/test_workflow_import_smoke.py,,,,
backend/tests/test_workflow_runtime.py,backend_test,test,196,,test workflow runtime: Otomatik do?rulama kapsamas?.,,,backend/tests/test_workflow_runtime.py,,,,
backend/tests/test_workflows_batch.py,backend_test,test,59,,test workflows batch: Otomatik do?rulama kapsamas?.,,,backend/tests/test_workflows_batch.py,,,,
backend/tests/test_workflows_pipeline.py,backend_test,test,79,,test workflows pipeline: Otomatik do?rulama kapsamas?.,,,backend/tests/test_workflows_pipeline.py,,,,
backend/tests/test_workflows_refactor_guardrails.py,backend_test,test,40,,test workflows refactor guardrails: Otomatik do?rulama kapsamas?.,,,backend/tests/test_workflows_refactor_guardrails.py,,,,
backend/tests/test_workspace_reset.py,backend_test,test,62,,test workspace reset: Otomatik do?rulama kapsamas?.,,,backend/tests/test_workspace_reset.py,,,,
backend/tests/unit/test_job_lifecycle.py,backend_test,test,68,,test job lifecycle: Otomatik do?rulama kapsamas?.,,,backend/tests/unit/test_job_lifecycle.py,,,,
backend/tests/unit/test_upload_prepare_project.py,backend_test,test,91,,test upload prepare project: Otomatik do?rulama kapsamas?.,,,backend/tests/unit/test_upload_prepare_project.py,,,,
backend/tests/unit/test_upload_validation.py,backend_test,test,45,,test upload validation: Otomatik do?rulama kapsamas?.,,,backend/tests/unit/test_upload_validation.py,,,,
docs/flows/batch-clips.md,docs,documentation,55,,batch-clips: Dok?mantasyon y?zeyi.,,,,,,,
docs/flows/manual-cut.md,docs,documentation,68,,manual-cut: Dok?mantasyon y?zeyi.,,,,,,,
docs/flows/reburn.md,docs,documentation,68,,reburn: Dok?mantasyon y?zeyi.,,,,,,,
docs/flows/upload-transcribe.md,docs,documentation,51,,upload-transcribe: Dok?mantasyon y?zeyi.,,,,,,,
docs/flows/youtube-pipeline.md,docs,documentation,63,,youtube-pipeline: Dok?mantasyon y?zeyi.,jobsApi.start,POST /api/start-job,,,,,
docs/pages/auto-cut/README.md,docs,documentation,50,,README: Dok?mantasyon y?zeyi.,,,,,,,
docs/pages/auto-cut.md,docs,documentation,50,,auto-cut: Dok?mantasyon y?zeyi.,,,,,,,
docs/pages/clip-editor/README.md,docs,documentation,61,,README: Dok?mantasyon y?zeyi.,,,,,,,
docs/pages/clip-editor.md,docs,documentation,61,,clip-editor: Dok?mantasyon y?zeyi.,,,,,,,
docs/pages/config/README.md,docs,documentation,38,,README: Dok?mantasyon y?zeyi.,,,,,,,
docs/pages/configure.md,docs,documentation,42,,configure: Dok?mantasyon y?zeyi.,,,,,,,
docs/pages/subtitle-edit/README.md,docs,documentation,51,,README: Dok?mantasyon y?zeyi.,,,,,,,
docs/pages/subtitle-editor.md,docs,documentation,65,,subtitle-editor: Dok?mantasyon y?zeyi.,,,,,,,
docs/README.md,docs,documentation,51,,README: Dok?mantasyon y?zeyi.,,,,,,,
frontend/src/api/client.helpers.ts,frontend,app,87,,client.helpers: Uygulama y?zeyi.,,,,,,,
frontend/src/api/client.ts,frontend,app,877,,client: Uygulama y?zeyi.,,,,,medium,Upload sonras? proje g?r?n?rl??? ilk okumada tutars?z,Upload success sonras? project index invalidation/refresh zincirini netle?tirin ve UI?de eventual consistency mesaj? verin.
frontend/src/api/errors.ts,frontend,app,55,,errors: Uygulama y?zeyi.,,,,,,,
frontend/src/app/helpers.ts,frontend,app,217,,helpers: Uygulama y?zeyi.,,,,,,,
frontend/src/app/lazyComponents.ts,frontend,app,18,,lazyComponents: Uygulama y?zeyi.,,,,,,,
frontend/src/app/RootProviders.tsx,frontend,app,41,Auth & App Shell,RootProviders: Uygulama y?zeyi.,,,backend/tests/test_api_security.py; backend/tests/test_websocket_auth.py; frontend/src/test/App.test.tsx; frontend/src/test/unit/useWebSocket.test.tsx,README.md; docs/README.md; docs/clerk-auth-setup.md,,,
frontend/src/app/sections.tsx,frontend,app,606,,sections: Uygulama y?zeyi.,,,,,,,
frontend/src/app/useAppShellController.ts,frontend,app,122,Auth & App Shell,useAppShellController: Uygulama y?zeyi.,,,backend/tests/test_api_security.py; backend/tests/test_websocket_auth.py; frontend/src/test/App.test.tsx; frontend/src/test/unit/useWebSocket.test.tsx,README.md; docs/README.md; docs/clerk-auth-setup.md,,,
frontend/src/App.tsx,frontend,app,63,Auth & App Shell,App: Uygulama y?zeyi.,,,backend/tests/test_api_security.py; backend/tests/test_websocket_auth.py; frontend/src/test/App.test.tsx; frontend/src/test/unit/useWebSocket.test.tsx,README.md; docs/README.md; docs/clerk-auth-setup.md,,,
frontend/src/auth/accountCleanup.ts,frontend,app,21,,accountCleanup: Uygulama y?zeyi.,,,,,,,
frontend/src/auth/isolation.ts,frontend,app,97,,isolation: Uygulama y?zeyi.,,,,,,,
frontend/src/auth/runtime.ts,frontend,app,89,,runtime: Uygulama y?zeyi.,,,,,,,
frontend/src/auth/session.ts,frontend,app,149,,session: Uygulama y?zeyi.,,,,,,,
frontend/src/auth/useResilientAuth.helpers.ts,frontend,app,332,,useResilientAuth.helpers: Uygulama y?zeyi.,,,,,,,
frontend/src/auth/useResilientAuth.ts,frontend,app,258,Auth & App Shell,useResilientAuth: Uygulama y?zeyi.,authApi.whoami,GET /api/auth/whoami,backend/tests/test_api_security.py; backend/tests/test_websocket_auth.py; frontend/src/test/App.test.tsx; frontend/src/test/unit/useWebSocket.test.tsx,README.md; docs/README.md; docs/clerk-auth-setup.md,,,
frontend/src/components/AccountDeletionCard.tsx,frontend,component,102,Account Deletion,AccountDeletionCard: Uygulama y?zeyi.,accountApi.deleteMyData,DELETE /api/account/me/data,backend/tests/test_account_deletion_api.py; backend/tests/test_subject_purge.py; frontend/src/test/accountDeletion.test.tsx,README.md,,,
frontend/src/components/autoCutEditor/helpers.ts,frontend,component,171,,helpers: Uygulama y?zeyi.,,,,,,,
frontend/src/components/autoCutEditor/sections.tsx,frontend,component,759,,sections: Uygulama y?zeyi.,,,,,,,
frontend/src/components/autoCutEditor/useAutoCutEditorActions.ts,frontend,component,352,Upload & Auto Cut,useAutoCutEditorActions: Uygulama y?zeyi.,editorApi.manualCutUpload,POST /api/manual-cut-upload,backend/tests/test_manual_crop.py; frontend/src/test/components/AutoCutEditor.flow.test.tsx; frontend/src/test/components/autoCutEditor.actions.test.tsx,README.md; docs/flows/batch-clips.md; docs/flows/manual-cut.md; docs/flows/upload-transcribe.md; docs/pages/auto-cut.md,high,manual-cut-upload optimistic output_url/clip_name d?nd?r?p terminalde error ile bitiyor | process-batch 30% seviyesinde tak?l?yor ve makul s?rede terminale ula?m?yor,Response modelinde optimistic clip/output de?erlerini pending olarak i?aretleyin veya yaln?zca ??kt? ger?ekten olu?tu?unda yay?nlay?n. | Batch workflow i?in progress timeout/heartbeat ekleyin ve LLM fallback ak??? terminal durum garantisi versin.
frontend/src/components/autoCutEditor/useAutoCutEditorController.ts,frontend,component,185,Upload & Auto Cut,useAutoCutEditorController: Uygulama y?zeyi.,,,backend/tests/test_manual_crop.py; frontend/src/test/components/AutoCutEditor.flow.test.tsx; frontend/src/test/components/autoCutEditor.actions.test.tsx,README.md; docs/flows/batch-clips.md; docs/flows/manual-cut.md; docs/flows/upload-transcribe.md; docs/pages/auto-cut.md,medium,Upload sonras? proje g?r?n?rl??? ilk okumada tutars?z,Upload success sonras? project index invalidation/refresh zincirini netle?tirin ve UI?de eventual consistency mesaj? verin.
frontend/src/components/autoCutEditor/useAutoCutEditorLifecycle.ts,frontend,component,91,,useAutoCutEditorLifecycle: Uygulama y?zeyi.,,,,,,,
frontend/src/components/autoCutEditor/useAutoCutEditorState.ts,frontend,component,109,,useAutoCutEditorState: Uygulama y?zeyi.,,,,,,,
frontend/src/components/AutoCutEditor.tsx,frontend,component,14,Upload & Auto Cut,AutoCutEditor: Uygulama y?zeyi.,,,backend/tests/test_manual_crop.py; frontend/src/test/components/AutoCutEditor.flow.test.tsx; frontend/src/test/components/autoCutEditor.actions.test.tsx,README.md; docs/flows/batch-clips.md; docs/flows/manual-cut.md; docs/flows/upload-transcribe.md; docs/pages/auto-cut.md,,,
frontend/src/components/clipGallery/sections.tsx,frontend,component,646,,sections: Uygulama y?zeyi.,,,,,,,
frontend/src/components/clipGallery/useClipGalleryController.ts,frontend,component,576,Configure; Social Workspace & Compose; Subtitle Editor; Upload & Auto Cut,useClipGalleryController: Uygulama y?zeyi.,clipsApi.delete; clipsApi.list,DELETE /api/projects/{project_id}/shorts/{clip_name}; GET /api/clips,backend/tests/test_clip_transcript_recovery.py; backend/tests/test_clip_transcript_routes.py; backend/tests/test_job_ownership.py; backend/tests/test_jobs_api_serialization.py; backend/tests/test_manual_crop.py; backend/tests/test_social_connections.py; backend/tests/test_social_routes.py; frontend/src/test/components/AutoCutEditor.flow.test.tsx; frontend/src/test/components/ClipGallery.test.tsx; frontend/src/test/components/JobForm.submission.test.tsx; frontend/src/test/components/JobQueue.test.tsx; frontend/src/test/components/SocialComposePage.test.tsx; frontend/src/test/components/SocialWorkspace.test.tsx; frontend/src/test/components/SubtitleEditor.clip.test.tsx; frontend/src/test/components/SubtitleEditor.project.test.tsx; frontend/src/test/components/autoCutEditor.actions.test.tsx,README.md; docs/flows/batch-clips.md; docs/flows/manual-cut.md; docs/flows/reburn.md; docs/flows/upload-transcribe.md; docs/flows/youtube-pipeline.md; docs/operations/postiz-global-oauth-standard.md; docs/pages/auto-cut.md; docs/pages/configure.md; docs/pages/subtitle-editor.md,,,
frontend/src/components/ClipGallery.tsx,frontend,component,94,Configure,ClipGallery: Uygulama y?zeyi.,,,backend/tests/test_job_ownership.py; backend/tests/test_jobs_api_serialization.py; frontend/src/test/components/ClipGallery.test.tsx; frontend/src/test/components/JobForm.submission.test.tsx; frontend/src/test/components/JobQueue.test.tsx,README.md; docs/flows/youtube-pipeline.md; docs/pages/configure.md,,,
frontend/src/components/editor/helpers.ts,frontend,component,194,,helpers: Uygulama y?zeyi.,,,,,,,
frontend/src/components/editor/sections.tsx,frontend,component,483,,sections: Uygulama y?zeyi.,,,,,,,
frontend/src/components/editor/useEditorController.ts,frontend,component,778,Clip Editor; Subtitle Editor; Upload & Auto Cut,useEditorController: Uygulama y?zeyi.,clipsApi.getTranscript; clipsApi.upload; editorApi.getTranscript; editorApi.processBatch; editorApi.processManual; editorApi.reburn; editorApi.saveTranscript,GET /api/clip-transcript/{clip_name}; GET /api/transcript; POST /api/process-batch; POST /api/process-manual; POST /api/reburn; POST /api/transcript; POST /api/upload,backend/tests/test_clip_transcript_recovery.py; backend/tests/test_clip_transcript_routes.py; backend/tests/test_manual_crop.py; frontend/src/test/components/AutoCutEditor.flow.test.tsx; frontend/src/test/components/SubtitleEditor.clip.test.tsx; frontend/src/test/components/SubtitleEditor.project.test.tsx; frontend/src/test/components/autoCutEditor.actions.test.tsx; frontend/src/test/integration/Editor.api-error.test.tsx; frontend/src/test/integration/Editor.blob-cleanup.test.tsx,README.md; docs/flows/batch-clips.md; docs/flows/manual-cut.md; docs/flows/reburn.md; docs/flows/upload-transcribe.md; docs/pages/auto-cut.md; docs/pages/clip-editor.md; docs/pages/subtitle-editor.md,critical,process-manual job accepted olduktan sonra background TypeError ile kilitleniyor | process-batch 30% seviyesinde tak?l?yor ve makul s?rede terminale ula?m?yor,`normalize_word_payload` i?inde `score=None` tolerans? ekleyin ve route seviyesinde uncaught task exception i?in terminal error yaz?m?n? garanti edin. | Batch workflow i?in progress timeout/heartbeat ekleyin ve LLM fallback ak??? terminal durum garantisi versin.
frontend/src/components/Editor.tsx,frontend,component,8,Clip Editor,Editor: Uygulama y?zeyi.,,,backend/tests/test_manual_crop.py; frontend/src/test/integration/Editor.api-error.test.tsx; frontend/src/test/integration/Editor.blob-cleanup.test.tsx,README.md; docs/flows/manual-cut.md; docs/flows/reburn.md; docs/pages/clip-editor.md,,,
frontend/src/components/HoloTerminal.tsx,frontend,component,569,Configure,HoloTerminal: Uygulama y?zeyi.,,,backend/tests/test_job_ownership.py; backend/tests/test_jobs_api_serialization.py; frontend/src/test/components/ClipGallery.test.tsx; frontend/src/test/components/JobForm.submission.test.tsx; frontend/src/test/components/JobQueue.test.tsx,README.md; docs/flows/youtube-pipeline.md; docs/pages/configure.md,,,
frontend/src/components/jobForm/helpers.ts,frontend,component,159,,helpers: Uygulama y?zeyi.,,,,,,,
frontend/src/components/jobForm/sections.tsx,frontend,component,649,,sections: Uygulama y?zeyi.,,,,,,,
frontend/src/components/jobForm/useJobFormController.ts,frontend,component,595,Configure,useJobFormController: Uygulama y?zeyi.,jobsApi.cacheStatus; jobsApi.start,POST /api/cache-status; POST /api/start-job,backend/tests/test_job_ownership.py; backend/tests/test_jobs_api_serialization.py; frontend/src/test/components/ClipGallery.test.tsx; frontend/src/test/components/JobForm.submission.test.tsx; frontend/src/test/components/JobQueue.test.tsx,README.md; docs/flows/youtube-pipeline.md; docs/pages/configure.md,,,
frontend/src/components/JobForm.tsx,frontend,component,73,Configure,JobForm: Uygulama y?zeyi.,,,backend/tests/test_job_ownership.py; backend/tests/test_jobs_api_serialization.py; frontend/src/test/components/ClipGallery.test.tsx; frontend/src/test/components/JobForm.submission.test.tsx; frontend/src/test/components/JobQueue.test.tsx,README.md; docs/flows/youtube-pipeline.md; docs/pages/configure.md,,,
frontend/src/components/JobQueue.tsx,frontend,component,210,Configure,JobQueue: Uygulama y?zeyi.,,,backend/tests/test_job_ownership.py; backend/tests/test_jobs_api_serialization.py; frontend/src/test/components/ClipGallery.test.tsx; frontend/src/test/components/JobForm.submission.test.tsx; frontend/src/test/components/JobQueue.test.tsx,README.md; docs/flows/youtube-pipeline.md; docs/pages/configure.md,,,
frontend/src/components/RangeSlider.tsx,frontend,component,81,,RangeSlider: Uygulama y?zeyi.,,,,,,,
frontend/src/components/shareComposer/helpers.ts,frontend,component,269,,helpers: Uygulama y?zeyi.,,,,,,,
frontend/src/components/shareComposer/sections.tsx,frontend,component,627,,sections: Uygulama y?zeyi.,,,,,,,
frontend/src/components/shareComposer/useShareComposerController.ts,frontend,component,686,Social Workspace & Compose,useShareComposerController: Uygulama y?zeyi.,socialApi.approveJob; socialApi.cancelJob; socialApi.deleteCredentials; socialApi.deleteDrafts; socialApi.getAccounts; socialApi.getPrefill; socialApi.getPublishJobs; socialApi.publish; socialApi.saveCredentials; socialApi.saveDrafts; socialApi.startConnection,DELETE /api/social/drafts; GET /api/social/accounts; GET /api/social/prefill; GET /api/social/publish-jobs; POST /api/social/connections/start; POST /api/social/publish; POST /api/social/publish-jobs/{job_id}/approve; POST /api/social/publish-jobs/{job_id}/cancel; PUT /api/social/drafts,backend/tests/test_social_connections.py; backend/tests/test_social_routes.py; frontend/src/test/components/SocialComposePage.test.tsx; frontend/src/test/components/SocialWorkspace.test.tsx,README.md; docs/operations/postiz-global-oauth-standard.md,,,
frontend/src/components/ShareComposerModal.tsx,frontend,component,19,Social Workspace & Compose,ShareComposerModal: Uygulama y?zeyi.,,,backend/tests/test_social_connections.py; backend/tests/test_social_routes.py; frontend/src/test/components/SocialComposePage.test.tsx; frontend/src/test/components/SocialWorkspace.test.tsx,README.md; docs/operations/postiz-global-oauth-standard.md,,,
frontend/src/components/SocialComposePage.tsx,frontend,component,1237,Configure; Social Workspace & Compose; Subtitle Editor; Upload & Auto Cut,SocialComposePage: Uygulama y?zeyi.,clipsApi.list,GET /api/clips,backend/tests/test_clip_transcript_recovery.py; backend/tests/test_clip_transcript_routes.py; backend/tests/test_job_ownership.py; backend/tests/test_jobs_api_serialization.py; backend/tests/test_manual_crop.py; backend/tests/test_social_connections.py; backend/tests/test_social_routes.py; frontend/src/test/components/AutoCutEditor.flow.test.tsx; frontend/src/test/components/ClipGallery.test.tsx; frontend/src/test/components/JobForm.submission.test.tsx; frontend/src/test/components/JobQueue.test.tsx; frontend/src/test/components/SocialComposePage.test.tsx; frontend/src/test/components/SocialWorkspace.test.tsx; frontend/src/test/components/SubtitleEditor.clip.test.tsx; frontend/src/test/components/SubtitleEditor.project.test.tsx; frontend/src/test/components/autoCutEditor.actions.test.tsx,README.md; docs/flows/batch-clips.md; docs/flows/manual-cut.md; docs/flows/reburn.md; docs/flows/upload-transcribe.md; docs/flows/youtube-pipeline.md; docs/operations/postiz-global-oauth-standard.md; docs/pages/auto-cut.md; docs/pages/configure.md; docs/pages/subtitle-editor.md,low,Frontend kalite uyar?lar? karma??kl?k ve hook dependency borcu biriktiriyor,Refactor backlog olu?turun; ?zellikle `useWebSocket` effect dependency ve `SocialWorkspace` monolith bile?enini b?l?n.
frontend/src/components/SocialWorkspace.tsx,frontend,component,618,Social Workspace & Compose,SocialWorkspace: Uygulama y?zeyi.,socialApi.approveJob; socialApi.cancelJob; socialApi.deleteConnection; socialApi.getAnalyticsAccounts; socialApi.getAnalyticsOverview; socialApi.getAnalyticsPosts; socialApi.getCalendar; socialApi.getConnections; socialApi.getProviders; socialApi.getQueue; socialApi.startConnection; socialApi.syncConnections; socialApi.updateCalendarItem,GET /api/social/analytics/accounts; GET /api/social/analytics/overview; GET /api/social/analytics/posts; GET /api/social/calendar; GET /api/social/connections; GET /api/social/providers; GET /api/social/queue; PATCH /api/social/calendar/{job_id}; POST /api/social/connections/start; POST /api/social/connections/sync; POST /api/social/publish-jobs/{job_id}/approve; POST /api/social/publish-jobs/{job_id}/cancel,backend/tests/test_social_connections.py; backend/tests/test_social_routes.py; frontend/src/test/components/SocialComposePage.test.tsx; frontend/src/test/components/SocialWorkspace.test.tsx,README.md; docs/operations/postiz-global-oauth-standard.md,low,Frontend kalite uyar?lar? karma??kl?k ve hook dependency borcu biriktiriyor,Refactor backlog olu?turun; ?zellikle `useWebSocket` effect dependency ve `SocialWorkspace` monolith bile?enini b?l?n.
frontend/src/components/subtitleEditor/actions.ts,frontend,component,457,Clip Editor; Subtitle Editor,actions: Uygulama y?zeyi.,editorApi.processManual; editorApi.reburn; editorApi.recoverClipTranscript; editorApi.recoverProjectTranscript; editorApi.saveTranscript,POST /api/clip-transcript/recover; POST /api/process-manual; POST /api/reburn; POST /api/transcript; POST /api/transcript/recover,backend/tests/test_clip_transcript_recovery.py; backend/tests/test_clip_transcript_routes.py; backend/tests/test_manual_crop.py; frontend/src/test/components/SubtitleEditor.clip.test.tsx; frontend/src/test/components/SubtitleEditor.project.test.tsx; frontend/src/test/integration/Editor.api-error.test.tsx; frontend/src/test/integration/Editor.blob-cleanup.test.tsx,README.md; docs/flows/manual-cut.md; docs/flows/reburn.md; docs/pages/clip-editor.md; docs/pages/subtitle-editor.md,critical,process-manual job accepted olduktan sonra background TypeError ile kilitleniyor,`normalize_word_payload` i?inde `score=None` tolerans? ekleyin ve route seviyesinde uncaught task exception i?in terminal error yaz?m?n? garanti edin.
frontend/src/components/subtitleEditor/helpers.ts,frontend,component,183,,helpers: Uygulama y?zeyi.,,,,,,,
frontend/src/components/subtitleEditor/jobs.ts,frontend,component,407,,jobs: Uygulama y?zeyi.,,,,,,,
frontend/src/components/subtitleEditor/playback.ts,frontend,component,206,,playback: Uygulama y?zeyi.,,,,,,,
frontend/src/components/subtitleEditor/previewSection.tsx,frontend,component,312,,previewSection: Uygulama y?zeyi.,,,,,,,
frontend/src/components/subtitleEditor/renderQuality.tsx,frontend,component,197,,renderQuality: Uygulama y?zeyi.,,,,,,,
frontend/src/components/subtitleEditor/sections.tsx,frontend,component,164,,sections: Uygulama y?zeyi.,,,,,,,
frontend/src/components/subtitleEditor/sectionTypes.ts,frontend,component,128,,sectionTypes: Uygulama y?zeyi.,,,,,,,
frontend/src/components/subtitleEditor/selectionSection.tsx,frontend,component,157,,selectionSection: Uygulama y?zeyi.,,,,,,,
frontend/src/components/subtitleEditor/shared.ts,frontend,component,62,,shared: Uygulama y?zeyi.,,,,,,,
frontend/src/components/subtitleEditor/sources.ts,frontend,component,157,Configure; Social Workspace & Compose; Subtitle Editor; Upload & Auto Cut,sources: Uygulama y?zeyi.,clipsApi.list; editorApi.getProjects,GET /api/clips; GET /api/projects,backend/tests/test_clip_transcript_recovery.py; backend/tests/test_clip_transcript_routes.py; backend/tests/test_job_ownership.py; backend/tests/test_jobs_api_serialization.py; backend/tests/test_manual_crop.py; backend/tests/test_social_connections.py; backend/tests/test_social_routes.py; frontend/src/test/components/AutoCutEditor.flow.test.tsx; frontend/src/test/components/ClipGallery.test.tsx; frontend/src/test/components/JobForm.submission.test.tsx; frontend/src/test/components/JobQueue.test.tsx; frontend/src/test/components/SocialComposePage.test.tsx; frontend/src/test/components/SocialWorkspace.test.tsx; frontend/src/test/components/SubtitleEditor.clip.test.tsx; frontend/src/test/components/SubtitleEditor.project.test.tsx; frontend/src/test/components/autoCutEditor.actions.test.tsx,README.md; docs/flows/batch-clips.md; docs/flows/manual-cut.md; docs/flows/reburn.md; docs/flows/upload-transcribe.md; docs/flows/youtube-pipeline.md; docs/operations/postiz-global-oauth-standard.md; docs/pages/auto-cut.md; docs/pages/configure.md; docs/pages/subtitle-editor.md,,,
frontend/src/components/subtitleEditor/transcriptLoader.ts,frontend,component,446,Clip Editor; Subtitle Editor,transcriptLoader: Uygulama y?zeyi.,clipsApi.getTranscript; editorApi.getTranscript,GET /api/clip-transcript/{clip_name}; GET /api/transcript,backend/tests/test_clip_transcript_recovery.py; backend/tests/test_clip_transcript_routes.py; backend/tests/test_manual_crop.py; frontend/src/test/components/SubtitleEditor.clip.test.tsx; frontend/src/test/components/SubtitleEditor.project.test.tsx; frontend/src/test/integration/Editor.api-error.test.tsx; frontend/src/test/integration/Editor.blob-cleanup.test.tsx,README.md; docs/flows/manual-cut.md; docs/flows/reburn.md; docs/pages/clip-editor.md; docs/pages/subtitle-editor.md,low,Frontend kalite uyar?lar? karma??kl?k ve hook dependency borcu biriktiriyor,Refactor backlog olu?turun; ?zellikle `useWebSocket` effect dependency ve `SocialWorkspace` monolith bile?enini b?l?n.
frontend/src/components/subtitleEditor/transcriptSection.tsx,frontend,component,524,,transcriptSection: Uygulama y?zeyi.,,,,,,,
frontend/src/components/subtitleEditor/useSubtitleEditorController.ts,frontend,component,636,Subtitle Editor,useSubtitleEditorController: Uygulama y?zeyi.,,,backend/tests/test_clip_transcript_recovery.py; backend/tests/test_clip_transcript_routes.py; frontend/src/test/components/SubtitleEditor.clip.test.tsx; frontend/src/test/components/SubtitleEditor.project.test.tsx,README.md; docs/flows/reburn.md; docs/pages/subtitle-editor.md,,,
frontend/src/components/SubtitleEditor.tsx,frontend,component,14,Subtitle Editor,SubtitleEditor: Uygulama y?zeyi.,,,backend/tests/test_clip_transcript_recovery.py; backend/tests/test_clip_transcript_routes.py; frontend/src/test/components/SubtitleEditor.clip.test.tsx; frontend/src/test/components/SubtitleEditor.project.test.tsx,README.md; docs/flows/reburn.md; docs/pages/subtitle-editor.md,,,
frontend/src/components/subtitlePreview/helpers.ts,frontend,component,328,,helpers: Uygulama y?zeyi.,,,,,,,
frontend/src/components/SubtitlePreview.tsx,frontend,component,566,,SubtitlePreview: Uygulama y?zeyi.,,,,,,,
frontend/src/components/ThreeCanvas.tsx,frontend,component,85,,ThreeCanvas: Uygulama y?zeyi.,,,,,,,
frontend/src/components/TimeRangeHeader.tsx,frontend,component,37,,TimeRangeHeader: Uygulama y?zeyi.,,,,,,,
frontend/src/components/ui/ConnectionChip.tsx,frontend,component,74,,ConnectionChip: Uygulama y?zeyi.,,,,,,,
frontend/src/components/ui/IconButton.tsx,frontend,component,52,,IconButton: Uygulama y?zeyi.,,,,,,,
frontend/src/components/ui/lazyVideo/helpers.ts,frontend,component,54,,helpers: Uygulama y?zeyi.,,,,,,,
frontend/src/components/ui/LazyVideo.tsx,frontend,component,115,,LazyVideo: Uygulama y?zeyi.,,,,,,,
frontend/src/components/ui/protectedMedia.ts,frontend,component,113,,protectedMedia: Uygulama y?zeyi.,,,,,,,
frontend/src/components/ui/Select.tsx,frontend,component,230,,Select: Uygulama y?zeyi.,,,,,,,
frontend/src/components/ui/SystemStatusBanner.tsx,frontend,component,28,,SystemStatusBanner: Uygulama y?zeyi.,,,,,,,
frontend/src/components/ui/VideoControls.tsx,frontend,component,29,,VideoControls: Uygulama y?zeyi.,,,,,,,
frontend/src/components/videoOverlay/helpers.ts,frontend,component,53,,helpers: Uygulama y?zeyi.,,,,,,,
frontend/src/components/VideoOverlay.tsx,frontend,component,328,,VideoOverlay: Uygulama y?zeyi.,,,,,,,
frontend/src/hooks/useDebouncedEffect.ts,frontend,app,21,,useDebouncedEffect: Uygulama y?zeyi.,,,,,,,
frontend/src/hooks/useThrottle.ts,frontend,app,40,,useThrottle: Uygulama y?zeyi.,,,,,,,
frontend/src/hooks/useWebSocket.helpers.ts,frontend,app,190,,useWebSocket.helpers: Uygulama y?zeyi.,,,,,,,
frontend/src/hooks/useWebSocket.ts,frontend,app,218,Auth & App Shell,useWebSocket: Uygulama y?zeyi.,,,backend/tests/test_api_security.py; backend/tests/test_websocket_auth.py; frontend/src/test/App.test.tsx; frontend/src/test/unit/useWebSocket.test.tsx,README.md; docs/README.md; docs/clerk-auth-setup.md,low,Frontend kalite uyar?lar? karma??kl?k ve hook dependency borcu biriktiriyor,Refactor backlog olu?turun; ?zellikle `useWebSocket` effect dependency ve `SocialWorkspace` monolith bile?enini b?l?n.
frontend/src/store/useJobStore.ts,frontend,app,808,Auth & App Shell; Configure,useJobStore: Uygulama y?zeyi.,jobsApi.cancel; jobsApi.list,GET /api/jobs; POST /api/cancel-job/{job_id},backend/tests/test_api_security.py; backend/tests/test_job_ownership.py; backend/tests/test_jobs_api_serialization.py; backend/tests/test_websocket_auth.py; frontend/src/test/App.test.tsx; frontend/src/test/components/ClipGallery.test.tsx; frontend/src/test/components/JobForm.submission.test.tsx; frontend/src/test/components/JobQueue.test.tsx; frontend/src/test/unit/useWebSocket.test.tsx,README.md; docs/README.md; docs/clerk-auth-setup.md; docs/flows/youtube-pipeline.md; docs/pages/configure.md,,,
frontend/src/store/useLocaleStore.ts,frontend,app,21,,useLocaleStore: Uygulama y?zeyi.,,,,,,,
frontend/src/store/useThemeStore.ts,frontend,app,23,,useThemeStore: Uygulama y?zeyi.,,,,,,,
frontend/src/test/accountDeletion.test.tsx,frontend_test,test,93,,accountDeletion.test: Otomatik do?rulama kapsamas?.,,,frontend/src/test/accountDeletion.test.tsx,,,,
frontend/src/test/api/client.helpers.test.ts,frontend_test,test,43,,client.helpers.test: Otomatik do?rulama kapsamas?.,,,frontend/src/test/api/client.helpers.test.ts,,,,
frontend/src/test/api/client.test.ts,frontend_test,test,348,Account Deletion; Auth & App Shell; Configure; Subtitle Editor; Upload & Auto Cut,client.test: Otomatik do?rulama kapsamas?.,accountApi.deleteMyData; editorApi.getProjects; jobsApi.list,DELETE /api/account/me/data; GET /api/jobs; GET /api/projects,frontend/src/test/api/client.test.ts,README.md; docs/README.md; docs/clerk-auth-setup.md; docs/flows/batch-clips.md; docs/flows/manual-cut.md; docs/flows/reburn.md; docs/flows/upload-transcribe.md; docs/flows/youtube-pipeline.md; docs/pages/auto-cut.md; docs/pages/configure.md; docs/pages/subtitle-editor.md,,,
frontend/src/test/App.test.tsx,frontend_test,test,405,,App.test: Otomatik do?rulama kapsamas?.,,,frontend/src/test/App.test.tsx,,,,
frontend/src/test/auth/runtime.test.ts,frontend_test,test,73,,runtime.test: Otomatik do?rulama kapsamas?.,,,frontend/src/test/auth/runtime.test.ts,,,,
frontend/src/test/auth/session.test.ts,frontend_test,test,44,,session.test: Otomatik do?rulama kapsamas?.,,,frontend/src/test/auth/session.test.ts,,,,
frontend/src/test/auth/useResilientAuth.helpers.test.ts,frontend_test,test,112,,useResilientAuth.helpers.test: Otomatik do?rulama kapsamas?.,,,frontend/src/test/auth/useResilientAuth.helpers.test.ts,,,,
frontend/src/test/components/autoCutEditor.actions.test.tsx,frontend_test,test,70,,autoCutEditor.actions.test: Otomatik do?rulama kapsamas?.,,,frontend/src/test/components/autoCutEditor.actions.test.tsx,,,,
frontend/src/test/components/AutoCutEditor.flow.test.tsx,frontend_test,test,131,,AutoCutEditor.flow.test: Otomatik do?rulama kapsamas?.,,,frontend/src/test/components/AutoCutEditor.flow.test.tsx,,,,
frontend/src/test/components/autoCutEditor.helpers.test.ts,frontend_test,test,186,,autoCutEditor.helpers.test: Otomatik do?rulama kapsamas?.,,,frontend/src/test/components/autoCutEditor.helpers.test.ts,,,,
frontend/src/test/components/ClipGallery.test.tsx,frontend_test,test,546,,ClipGallery.test: Otomatik do?rulama kapsamas?.,,,frontend/src/test/components/ClipGallery.test.tsx,,,,
frontend/src/test/components/editor.helpers.test.ts,frontend_test,test,96,,editor.helpers.test: Otomatik do?rulama kapsamas?.,,,frontend/src/test/components/editor.helpers.test.ts,,,,
frontend/src/test/components/HoloTerminal.test.tsx,frontend_test,test,210,,HoloTerminal.test: Otomatik do?rulama kapsamas?.,,,frontend/src/test/components/HoloTerminal.test.tsx,,,,
frontend/src/test/components/JobForm.accessibility.test.tsx,frontend_test,test,74,,JobForm.accessibility.test: Otomatik do?rulama kapsamas?.,,,frontend/src/test/components/JobForm.accessibility.test.tsx,,,,
frontend/src/test/components/jobForm.helpers.test.ts,frontend_test,test,69,,jobForm.helpers.test: Otomatik do?rulama kapsamas?.,,,frontend/src/test/components/jobForm.helpers.test.ts,,,,
frontend/src/test/components/JobForm.preferences.test.tsx,frontend_test,test,37,,JobForm.preferences.test: Otomatik do?rulama kapsamas?.,,,frontend/src/test/components/JobForm.preferences.test.tsx,,,,
frontend/src/test/components/JobForm.submission.test.tsx,frontend_test,test,190,,JobForm.submission.test: Otomatik do?rulama kapsamas?.,,,frontend/src/test/components/JobForm.submission.test.tsx,,medium,Frontend test beklentileri g?ncel ?ngilizce UI kopyas?yla uyumsuz,Test fixture ve query?leri i18n anahtarlar? veya g?ncel eri?ilebilir label?larla e?itleyin.
frontend/src/test/components/jobForm.test-helpers.tsx,frontend_test,test,44,,jobForm.test-helpers: Otomatik do?rulama kapsamas?.,,,frontend/src/test/components/jobForm.test-helpers.tsx,,,,
frontend/src/test/components/JobQueue.test.tsx,frontend_test,test,87,,JobQueue.test: Otomatik do?rulama kapsamas?.,,,frontend/src/test/components/JobQueue.test.tsx,,,,
frontend/src/test/components/RangeSlider.test.tsx,frontend_test,test,51,,RangeSlider.test: Otomatik do?rulama kapsamas?.,,,frontend/src/test/components/RangeSlider.test.tsx,,,,
frontend/src/test/components/shareComposer.helpers.test.ts,frontend_test,test,109,,shareComposer.helpers.test: Otomatik do?rulama kapsamas?.,,,frontend/src/test/components/shareComposer.helpers.test.ts,,,,
frontend/src/test/components/shareComposer.test-helpers.tsx,frontend_test,test,120,,shareComposer.test-helpers: Otomatik do?rulama kapsamas?.,,,frontend/src/test/components/shareComposer.test-helpers.tsx,,,,
frontend/src/test/components/ShareComposerModal.connection.test.tsx,frontend_test,test,162,,ShareComposerModal.connection.test: Otomatik do?rulama kapsamas?.,,,frontend/src/test/components/ShareComposerModal.connection.test.tsx,,,,
frontend/src/test/components/ShareComposerModal.drafts.test.tsx,frontend_test,test,55,,ShareComposerModal.drafts.test: Otomatik do?rulama kapsamas?.,,,frontend/src/test/components/ShareComposerModal.drafts.test.tsx,,,,
frontend/src/test/components/ShareComposerModal.publish.test.tsx,frontend_test,test,41,,ShareComposerModal.publish.test: Otomatik do?rulama kapsamas?.,,,frontend/src/test/components/ShareComposerModal.publish.test.tsx,,,,
frontend/src/test/components/SocialComposePage.test.tsx,frontend_test,test,137,,SocialComposePage.test: Otomatik do?rulama kapsamas?.,,,frontend/src/test/components/SocialComposePage.test.tsx,,,,
frontend/src/test/components/SocialWorkspace.test.tsx,frontend_test,test,152,,SocialWorkspace.test: Otomatik do?rulama kapsamas?.,,,frontend/src/test/components/SocialWorkspace.test.tsx,,,,
frontend/src/test/components/SubtitleEditor.auth.test.tsx,frontend_test,test,71,,SubtitleEditor.auth.test: Otomatik do?rulama kapsamas?.,,,frontend/src/test/components/SubtitleEditor.auth.test.tsx,,,,
frontend/src/test/components/SubtitleEditor.clip.test.tsx,frontend_test,test,745,,SubtitleEditor.clip.test: Otomatik do?rulama kapsamas?.,,,frontend/src/test/components/SubtitleEditor.clip.test.tsx,,,,
frontend/src/test/components/subtitleEditor.helpers.test.ts,frontend_test,test,130,,subtitleEditor.helpers.test: Otomatik do?rulama kapsamas?.,,,frontend/src/test/components/subtitleEditor.helpers.test.ts,,,,
frontend/src/test/components/SubtitleEditor.project.test.tsx,frontend_test,test,289,,SubtitleEditor.project.test: Otomatik do?rulama kapsamas?.,,,frontend/src/test/components/SubtitleEditor.project.test.tsx,,,,
frontend/src/test/components/subtitleEditor.test-helpers.tsx,frontend_test,test,115,,subtitleEditor.test-helpers: Otomatik do?rulama kapsamas?.,,,frontend/src/test/components/subtitleEditor.test-helpers.tsx,,,,
frontend/src/test/components/subtitlePreview.helpers.test.ts,frontend_test,test,24,,subtitlePreview.helpers.test: Otomatik do?rulama kapsamas?.,,,frontend/src/test/components/subtitlePreview.helpers.test.ts,,,,
frontend/src/test/components/SubtitlePreview.test.tsx,frontend_test,test,276,,SubtitlePreview.test: Otomatik do?rulama kapsamas?.,,,frontend/src/test/components/SubtitlePreview.test.tsx,,,,
frontend/src/test/components/TimeRangeHeader.test.tsx,frontend_test,test,19,,TimeRangeHeader.test: Otomatik do?rulama kapsamas?.,,,frontend/src/test/components/TimeRangeHeader.test.tsx,,,,
frontend/src/test/components/ui/ConnectionChip.test.tsx,frontend_test,test,82,,ConnectionChip.test: Otomatik do?rulama kapsamas?.,,,frontend/src/test/components/ui/ConnectionChip.test.tsx,,,,
frontend/src/test/components/ui/IconButton.test.tsx,frontend_test,test,37,,IconButton.test: Otomatik do?rulama kapsamas?.,,,frontend/src/test/components/ui/IconButton.test.tsx,,,,
frontend/src/test/components/ui/lazyVideo.helpers.test.ts,frontend_test,test,38,,lazyVideo.helpers.test: Otomatik do?rulama kapsamas?.,,,frontend/src/test/components/ui/lazyVideo.helpers.test.ts,,,,
frontend/src/test/components/ui/LazyVideo.test.tsx,frontend_test,test,122,,LazyVideo.test: Otomatik do?rulama kapsamas?.,,,frontend/src/test/components/ui/LazyVideo.test.tsx,,,,
frontend/src/test/components/ui/protectedMedia.test.tsx,frontend_test,test,48,,protectedMedia.test: Otomatik do?rulama kapsamas?.,,,frontend/src/test/components/ui/protectedMedia.test.tsx,,,,
frontend/src/test/components/ui/Select.test.tsx,frontend_test,test,64,,Select.test: Otomatik do?rulama kapsamas?.,,,frontend/src/test/components/ui/Select.test.tsx,,,,
frontend/src/test/components/ui/VideoControls.test.tsx,frontend_test,test,40,,VideoControls.test: Otomatik do?rulama kapsamas?.,,,frontend/src/test/components/ui/VideoControls.test.tsx,,,,
frontend/src/test/components/videoOverlay.helpers.test.ts,frontend_test,test,45,,videoOverlay.helpers.test: Otomatik do?rulama kapsamas?.,,,frontend/src/test/components/videoOverlay.helpers.test.ts,,,,
frontend/src/test/components/VideoOverlay.test.tsx,frontend_test,test,92,,VideoOverlay.test: Otomatik do?rulama kapsamas?.,,,frontend/src/test/components/VideoOverlay.test.tsx,,,,
frontend/src/test/config/manualChunks.test.ts,frontend_test,test,27,,manualChunks.test: Otomatik do?rulama kapsamas?.,,,frontend/src/test/config/manualChunks.test.ts,,,,
frontend/src/test/config/subtitleStyles.test.ts,frontend_test,test,83,,subtitleStyles.test: Otomatik do?rulama kapsamas?.,,,frontend/src/test/config/subtitleStyles.test.ts,,,,
frontend/src/test/config/watchConfig.test.ts,frontend_test,test,29,,watchConfig.test: Otomatik do?rulama kapsamas?.,,,frontend/src/test/config/watchConfig.test.ts,,,,
frontend/src/test/hooks/useDebouncedEffect.test.ts,frontend_test,test,31,,useDebouncedEffect.test: Otomatik do?rulama kapsamas?.,,,frontend/src/test/hooks/useDebouncedEffect.test.ts,,,,
frontend/src/test/hooks/useThrottle.test.ts,frontend_test,test,44,,useThrottle.test: Otomatik do?rulama kapsamas?.,,,frontend/src/test/hooks/useThrottle.test.ts,,,,
frontend/src/test/i18n.test.ts,frontend_test,test,51,,i18n.test: Otomatik do?rulama kapsamas?.,,,frontend/src/test/i18n.test.ts,,,,
frontend/src/test/integration/Editor.api-error.test.tsx,frontend_test,test,36,,Editor.api-error.test: Otomatik do?rulama kapsamas?.,,,frontend/src/test/integration/Editor.api-error.test.tsx,,medium,Frontend test beklentileri g?ncel ?ngilizce UI kopyas?yla uyumsuz,Test fixture ve query?leri i18n anahtarlar? veya g?ncel eri?ilebilir label?larla e?itleyin.
frontend/src/test/integration/Editor.blob-cleanup.test.tsx,frontend_test,test,46,,Editor.blob-cleanup.test: Otomatik do?rulama kapsamas?.,,,frontend/src/test/integration/Editor.blob-cleanup.test.tsx,,,,
frontend/src/test/setup.ts,frontend_test,test,15,,setup: Otomatik do?rulama kapsamas?.,,,frontend/src/test/setup.ts,,,,
frontend/src/test/smoke.test.ts,frontend_test,test,7,,smoke.test: Otomatik do?rulama kapsamas?.,,,frontend/src/test/smoke.test.ts,,,,
frontend/src/test/store/useJobStore.test.ts,frontend_test,test,442,,useJobStore.test: Otomatik do?rulama kapsamas?.,,,frontend/src/test/store/useJobStore.test.ts,,,,
frontend/src/test/unit/useWebSocket.helpers.test.ts,frontend_test,test,197,,useWebSocket.helpers.test: Otomatik do?rulama kapsamas?.,,,frontend/src/test/unit/useWebSocket.helpers.test.ts,,,,
frontend/src/test/unit/useWebSocket.test.tsx,frontend_test,test,278,,useWebSocket.test: Otomatik do?rulama kapsamas?.,,,frontend/src/test/unit/useWebSocket.test.tsx,,,,
frontend/src/test/utils/subtitleTiming.parity.test.ts,frontend_test,test,58,,subtitleTiming.parity.test: Otomatik do?rulama kapsamas?.,,,frontend/src/test/utils/subtitleTiming.parity.test.ts,,,,
frontend/src/test/utils/subtitleTiming.test.ts,frontend_test,test,105,,subtitleTiming.test: Otomatik do?rulama kapsamas?.,,,frontend/src/test/utils/subtitleTiming.test.ts,,,,
frontend/src/types/clerk.d.ts,frontend,app,15,,clerk.d: Uygulama y?zeyi.,,,,,,,
frontend/src/types/index.ts,frontend,app,564,,index: Uygulama y?zeyi.,,,,,,,
marketing/README.md,docs,documentation,25,Marketing Site,README: Dok?mantasyon y?zeyi.,,,,marketing/README.md,,,
marketing/src/app/blog/how-to-add-kinetic-subtitles-to-video/page.tsx,marketing,page,59,,page: Sayfa giri? noktas?.,,,,,,,
marketing/src/app/blog/how-to-turn-youtube-videos-into-shorts/page.tsx,marketing,page,61,,page: Sayfa giri? noktas?.,,,,,,,
marketing/src/app/blog/page.tsx,marketing,page,39,,page: Sayfa giri? noktas?.,,,,,,,
marketing/src/app/compare/captions-alternative/page.tsx,marketing,page,83,,page: Sayfa giri? noktas?.,,,,,,,
marketing/src/app/compare/opus-clip-alternative/page.tsx,marketing,page,83,Marketing Site,page: Sayfa giri? noktas?.,,,,marketing/README.md,high,Marketing compare route build ve runtime seviyesinde k?r?k,Sayfaya eksik `Link` importunu ekleyin ve marketing build smoke testini CI zorunlu kap?s?na al?n.
marketing/src/app/compare/page.tsx,marketing,page,39,,page: Sayfa giri? noktas?.,,,,,,,
marketing/src/app/compare/submagic-alternative/page.tsx,marketing,page,83,,page: Sayfa giri? noktas?.,,,,,,,
marketing/src/app/docs/youtube-shorts-workflow/page.tsx,marketing,page,75,,page: Sayfa giri? noktas?.,,,,,,,
marketing/src/app/features/auto-cut/page.tsx,marketing,page,67,,page: Sayfa giri? noktas?.,,,,,,,
marketing/src/app/features/clip-editor/page.tsx,marketing,page,75,,page: Sayfa giri? noktas?.,,,,,,,
marketing/src/app/features/kinetic-subtitles/page.tsx,marketing,page,67,,page: Sayfa giri? noktas?.,,,,,,,
marketing/src/app/features/page.tsx,marketing,page,56,,page: Sayfa giri? noktas?.,,,,,,,
marketing/src/app/features/transcript-editor/page.tsx,marketing,page,67,,page: Sayfa giri? noktas?.,,,,,,,
marketing/src/app/features/viral-clip-detection/page.tsx,marketing,page,74,,page: Sayfa giri? noktas?.,,,,,,,
marketing/src/app/globals.css,marketing,page,368,,globals: Sayfa giri? noktas?.,,,,,,,
marketing/src/app/layout.tsx,marketing,page,58,,layout: Sayfa giri? noktas?.,,,,,,,
marketing/src/app/manifest.ts,marketing,page,22,,manifest: Sayfa giri? noktas?.,,,,,,,
marketing/src/app/page.tsx,marketing,page,255,,page: Sayfa giri? noktas?.,,,,,,,
marketing/src/app/pricing/page.tsx,marketing,page,76,,page: Sayfa giri? noktas?.,,,,,,,
marketing/src/app/robots.ts,marketing,page,13,,robots: Sayfa giri? noktas?.,,,,,,,
marketing/src/app/sitemap.ts,marketing,page,39,,sitemap: Sayfa giri? noktas?.,,,,,,,
marketing/src/app/tools/page.tsx,marketing,page,39,,page: Sayfa giri? noktas?.,,,,,,,
marketing/src/app/tools/youtube-shorts-hook-ideas/page.tsx,marketing,page,47,,page: Sayfa giri? noktas?.,,,,,,,
marketing/src/app/use-cases/for-agencies/page.tsx,marketing,page,67,,page: Sayfa giri? noktas?.,,,,,,,
marketing/src/app/use-cases/page.tsx,marketing,page,39,,page: Sayfa giri? noktas?.,,,,,,,
marketing/src/app/use-cases/podcast-to-clips/page.tsx,marketing,page,63,,page: Sayfa giri? noktas?.,,,,,,,
marketing/src/app/use-cases/youtube-to-shorts/page.tsx,marketing,page,92,,page: Sayfa giri? noktas?.,,,,,,,
README.md,docs,documentation,301,,README: Dok?mantasyon y?zeyi.,,,,,,,
